id,tournament_id,time_utc,lineup_type,lineup_deadline_h,lineup_deadline_utc,number_of_duels,team_1,team_2,status,dw1,dw2,gw1,gw2,created_by,updated_by,deleted_by,deleted_at,created_at,updated_at,rating,dw1_import,dw2_import,gw1_import,gw2_import
20260322JPNUKR,Friendly-Matches,2026-03-22T12:00:00.000Z,Open,,,5,JPN,UKR,Done,3,2,7,5,,83858076,,,"2026-03-11 17:21:25","2026-03-27 15:59:45",,,,,
20260321UKRCAN,Friendly-Matches,2026-03-21T14:00:00.000Z,Closed,,2026-03-14T18:00:00.000Z,5,UKR,CAN,Done,2,1,4,5,,,,"2026-03-11 21:36:15","2026-03-11 19:49:25","2026-03-11 19:49:25",,,,,
20250330UKRPRT,Friendly-Matches,2025-03-30T17:30:00Z,Open,,,5,UKR,PRT,Planned,,,,,,1,,,"2026-03-11 21:38:27","2026-05-04 09:52:43",,,,,
20250407UKRLVA,Friendly-Matches,2025-04-07T19:00:00Z,Open,,,11,UKR,LVA,Planned,,,,,,1,,,"2026-03-12 11:06:23","2026-05-04 09:52:43",,,,,
20260312UKRAUS,Friendly-Matches,2026-03-12T21:00:00.000Z,Open,,,5,UKR,AUS,Planned,,,,,84375106,84375106,84375106,"2026-03-12 14:00:37","2026-03-12 13:56:06","2026-03-12 14:00:37",,,,,
20260316UKRDEU,Friendly-Matches,2026-03-16T15:00:00.000Z,Open,,,5,UKR,DEU,Planned,,,,,84375106,84375106,84375106,"2026-03-13 07:42:12","2026-03-13 07:35:32","2026-03-13 07:42:12",,,,,
20260328UKRARG,Friendly-Matches,2026-03-28T13:00:00.000Z,Open,,,5,UKR,ARG,Planned,,,,,84375106,84375106,84375106,"2026-03-13 23:06:19","2026-03-13 10:15:34","2026-03-13 23:06:19",,,,,
20250614UKRBEL,Friendly-Matches,2025-06-14T17:00:00.000Z,Open,,,5,UKR,BEL,Planned,,,,,84375106,84375106,84375106,"2026-03-13 23:21:11","2026-03-13 23:17:39","2026-03-13 23:21:11",,,,,
20260315COLESP,Friendly-Matches,2026-03-15T19:00:00.000Z,Open,,,5,COL,ESP,Done,2,3,5,7,88813461,88813461,,,"2026-03-14 14:06:56","2026-03-27 13:45:15",,,,,
20260310COLUKR,Friendly-Matches,2026-03-10T09:27:00.000Z,Open,,,5,COL,UKR,Planned,,,,,88813461,88813461,88813461,"2026-03-14 14:29:03","2026-03-14 14:28:42","2026-03-14 14:29:03",,,,,
20260319COLGTM,Friendly-Matches,2026-03-19T01:00:00.000Z,Open,,,5,COL,GTM,Done,1,3,3,6,88813461,88813461,,,"2026-03-14 20:18:09","2026-04-05 16:52:04",1,,,,
20260322COLBEL,Friendly-Matches,2026-03-22T19:30:00.000Z,Open,,,5,COL,BEL,Done,1,4,4,9,88813461,88813461,,,"2026-03-14 20:19:11","2026-03-27 16:02:35",,,,,
20260323COLTHA,Friendly-Matches,2026-03-23T15:00:00.000Z,Open,,,5,COL,THA,Done,0,8,2,16,88813461,1234567,,,"2026-03-14 20:20:15","2026-04-09 07:04:36",3,,,,
20260315BRAJPN,Friendly-Matches,2026-03-15T13:00:00.000Z,Open,,,5,BRA,JPN,Done,3,2,7,5,84375106,84375106,,,"2026-03-15 10:04:35","2026-03-27 13:45:14",,,,,
20260318HRVUKR,Friendly-Matches,2026-03-18T20:00:00.000Z,Open,,,5,HRV,UKR,Done,2,4,6,9,84375106,88411255,,,"2026-03-15 11:47:42","2026-03-27 14:19:10",,,,,
20260329UKRLVA,Friendly-Matches,2026-03-29T17:00:00.000Z,Open,,,5,UKR,LVA,Done,5,1,11,3,84375106,84375106,,,"2026-03-16 11:34:35","2026-03-30 07:17:12",3,,,,
20260317BELUKR,Friendly-Matches,2026-03-17T19:30:00.000Z,Open,,,5,BEL,UKR,Done,5,2,11,7,39136230,84375106,,,"2026-03-17 09:19:25","2026-03-27 13:45:15",,,,,
20260328BELJPN,Friendly-Matches,2026-03-28T12:00:00.000Z,Open,,,5,BEL,JPN,Done,0,5,5,10,39136230,39136230,,,"2026-03-17 09:34:52","2026-03-30 06:55:16",4,,,,
20260322LVABRA,Friendly-Matches,2026-03-22T18:00:00.000Z,Open,,,5,LVA,BRA,Done,1,4,5,8,14710161,84375106,,,"2026-03-17 09:48:51","2026-03-27 15:59:45",,,,,
20260329UKRARG,Friendly-Matches,2026-03-29T13:51:00.000Z,Open,,,5,UKR,ARG,Planned,,,,,84375106,84375106,84375106,"2026-03-17 11:52:00","2026-03-17 11:51:38","2026-03-17 11:52:00",,,,,
20260319ROUUKR,Friendly-Matches,2026-03-19T20:00:00.000Z,Open,,,5,ROU,UKR,Done,2,3,4,6,83851128,84375106,,,"2026-03-17 13:42:41","2026-03-27 14:19:10",,,,,
20260324ITAUKR,Friendly-Matches,2026-03-24T20:00:00.000Z,Open,,,5,ITA,UKR,Done,3,2,6,6,93119390,84375106,,,"2026-03-18 14:32:05","2026-03-28 07:30:30",3,,,,
20260323ARGCOL,Friendly-Matches,2026-03-23T01:00:00.000Z,Open,,,5,ARG,COL,Planned,,,,,84291236,88813461,88813461,"2026-03-22 05:26:27","2026-03-18 19:29:51","2026-03-22 05:26:27",,,,,
20260327ARGCHL,Friendly-Matches,2026-03-27T01:00:00.000Z,Open,,,5,ARG,CHL,Done,1,6,3,13,84291236,84375106,,,"2026-03-18 19:31:02","2026-03-31 13:43:02",3,,,,
20260405COLFRA,Friendly-Matches,2026-04-05T19:00:00.000Z,Open,,,5,COL,FRA,Done,3,2,6,4,88813461,88813461,,,"2026-03-18 21:36:46","2026-04-15 17:29:03",3,,,,
20260321CHNPRT,Friendly-Matches,2026-03-21T14:00:00.000Z,Open,,,5,CHN,PRT,Done,4,1,9,4,90943003,84375106,,,"2026-03-19 09:31:52","2026-03-27 14:19:11",,,,,
20260328UKRCHN,Friendly-Matches,2026-03-28T13:00:00.000Z,Open,,,5,UKR,CHN,Done,4,3,8,6,84375106,84375106,,,"2026-03-19 11:44:18","2026-03-31 13:41:01",4,,,,
20260323ESPCAT,Friendly-Matches,2026-03-23T20:00:00.000Z,Open,,,5,ESP,CAT,Done,4,3,9,8,86482486,83909717,,,"2026-03-19 22:37:04","2026-03-28 07:30:30",3,,,,
20260326ESPBEL,Friendly-Matches,2026-03-26T20:00:00.000Z,Open,,,5,ESP,BEL,Done,0,7,0,14,86482486,86482486,,,"2026-03-19 22:39:02","2026-03-28 07:31:11",3,,,,
20260321ITACHL,Friendly-Matches,2026-03-21T15:00:00.000Z,Open,,,5,ITA,CHL,Done,2,3,6,8,93119390,84375106,,,"2026-03-20 11:14:06","2026-03-27 15:59:45",,,,,
20260322ESPFIN,Friendly-Matches,2026-03-22T19:00:00.000Z,Open,,,5,ESP,FIN,Done,2,3,5,7,86482486,86482486,,,"2026-03-20 14:21:44","2026-03-27 16:02:35",,,,,
20260331LTUUKR,Friendly-Matches,2026-03-31T17:00:00.000Z,Open,,,5,LTU,UKR,Done,3,4,7,11,86305903,84375106,,,"2026-03-20 17:58:02","2026-04-01 14:19:37",3,,,,
20260322AUSHRV,Friendly-Matches,2026-03-22T10:00:00.000Z,Open,,,5,AUS,HRV,Done,2,4,4,10,84114808,84114808,,,"2026-03-21 21:08:02","2026-03-27 15:59:45",,,,,
20260401UKRESP,Friendly-Matches,2026-04-01T19:00:00.000Z,Open,,,5,UKR,ESP,Done,4,3,10,7,84375106,84375106,,,"2026-03-22 17:53:10","2026-04-01 20:41:30",4,,,,
20260329ESPHRV,Friendly-Matches,2026-03-29T18:30:00.000Z,Open,,,5,ESP,HRV,Done,3,2,6,5,86482486,86482486,,,"2026-03-22 21:51:37","2026-03-30 07:18:44",,,,,
20260328MEXCHL,Copa-America-2026,2026-03-28T16:00:00.000Z,Open,,,5,MEX,CHL,Done,2,3,4,6,84375106,88813461,,,"2026-03-24 11:39:04","2026-03-30 07:01:49",4,,,,
20260328URYPER,Copa-America-2026,2026-03-28T16:00:00.000Z,Open,,,5,URY,PER,Done,3,2,7,6,88813461,88813461,,,"2026-03-24 14:46:55","2026-03-30 07:01:49",3,,,,
20260328COLARG,Copa-America-2026,2026-03-28T16:00:00.000Z,Open,,,5,COL,ARG,Done,3,2,7,6,88813461,88813461,,,"2026-03-24 14:48:41","2026-03-30 07:01:49",3,,,,
20260328USAGTM,Copa-America-2026,2026-03-28T16:00:00.000Z,Open,,,5,USA,GTM,Done,4,1,8,3,88813461,88813461,,,"2026-03-24 14:49:00","2026-03-30 07:01:49",1,,,,
20260328CHLURY,Copa-America-2026,2026-03-28T18:00:00.000Z,Open,,,5,CHL,URY,Done,4,1,9,2,88813461,88813461,,,"2026-03-24 14:49:27","2026-03-30 07:10:20",3,,,,
20260328ARGUSA,Copa-America-2026,2026-03-28T18:00:00.000Z,Open,,,5,ARG,USA,Done,4,1,8,4,88813461,88813461,,,"2026-03-24 14:51:29","2026-03-30 07:10:19",3,,,,
20260328GTMBRA,Copa-America-2026,2026-03-28T18:00:00.000Z,Open,,,5,GTM,BRA,Done,2,3,4,7,88813461,88813461,,,"2026-03-24 14:51:47","2026-03-30 07:10:20",1,,,,
20260328MEXURY,Copa-America-2026,2026-03-28T20:00:00.000Z,Open,,,5,MEX,URY,Done,3,2,7,6,88813461,88813461,,,"2026-03-24 14:52:34","2026-03-30 07:12:01",2,,,,
20260328COLUSA,Copa-America-2026,2026-03-28T20:00:00.000Z,Open,,,5,COL,USA,Done,3,2,7,5,88813461,88813461,,,"2026-03-24 14:53:07","2026-04-05 16:58:36",3,,,,
20260328BRAARG,Copa-America-2026,2026-03-28T20:00:00.000Z,Open,,,5,BRA,ARG,Done,4,1,9,4,88813461,88813461,,,"2026-03-24 14:53:23","2026-03-30 07:12:01",3,,,,
20260328PERMEX,Copa-America-2026,2026-03-28T22:00:00.000Z,Open,,,5,PER,MEX,Done,1,4,5,9,88813461,88813461,,,"2026-03-24 14:53:51","2026-03-30 07:13:44",2,,,,
20260328GTMCOL,Copa-America-2026,2026-03-28T22:00:00.000Z,Open,,,5,GTM,COL,Done,0,5,1,10,88813461,88813461,,,"2026-03-24 14:54:13","2026-03-30 07:13:44",1,,,,
20260328USABRA,Copa-America-2026,2026-03-28T22:00:00.000Z,Open,,,5,USA,BRA,Done,3,2,7,5,88813461,88813461,,,"2026-03-24 14:54:32","2026-03-30 07:13:44",3,,,,
20260329CHLPER,Copa-America-2026,2026-03-29T00:00:00.000Z,Open,,,5,CHL,PER,Done,4,1,8,4,88813461,88813461,,,"2026-03-24 14:54:57","2026-03-30 07:15:30",3,,,,
20260329BRACOL,Copa-America-2026,2026-03-29T00:00:00.000Z,Open,,,5,BRA,COL,Done,1,4,4,9,88813461,88813461,,,"2026-03-24 14:55:15","2026-03-30 07:15:30",4,,,,
20260329ARGGTM,Copa-America-2026,2026-03-29T00:00:00.000Z,Open,,,5,ARG,GTM,Done,5,0,10,0,88813461,88813461,,,"2026-03-24 14:55:32","2026-03-30 07:15:30",1,,,,
20260328PERECU,Copa-America-2026,2026-03-28T18:00:00.000Z,Open,,,5,PER,ECU,Done,5,0,10,1,88813461,88813461,,,"2026-03-24 16:09:20","2026-04-05 18:06:00",0,,,,
20260328ECUCHL,Copa-America-2026,2026-03-28T20:00:00.000Z,Open,,,5,ECU,CHL,Done,0,5,0,10,88813461,88813461,,,"2026-03-24 16:09:47","2026-04-05 18:05:45",0,,,,
20260328URYECU,Copa-America-2026,2026-03-28T22:00:00.000Z,Open,,,5,URY,ECU,Done,4,1,8,2,88813461,88813461,,,"2026-03-24 16:10:11","2026-03-30 07:13:44",0,,,,
20260329ECUMEX,Copa-America-2026,2026-03-29T00:00:00.000Z,Open,,,5,ECU,MEX,Done,1,4,2,9,88813461,88813461,,,"2026-03-24 16:10:34","2026-03-30 07:15:30",0,,,,
20260325GTMURY,Friendly-Matches,2026-03-25T01:00:00.000Z,Open,,,5,GTM,URY,Done,0,5,2,10,84019956,84375106,,,"2026-03-24 17:13:02","2026-03-28 07:30:30",1,,,,
20260327AUSURY,Friendly-Matches,2026-03-27T23:00:00.000Z,Open,,,5,AUS,URY,Done,3,3,7,8,84114808,84114808,,,"2026-03-25 10:08:02","2026-03-28 07:31:44",2,,,,
20260327ARGHRV,Friendly-Matches,2026-03-27T21:00:00.000Z,Open,,,5,ARG,HRV,Done,0,5,2,10,84291236,84291236,,,"2026-03-25 14:18:52","2026-03-28 07:31:12",3,,,,
20260325FINHUN,Friendly-Matches,2026-03-25T20:00:00.000Z,Open,,,5,FIN,HUN,Done,4,1,9,4,90314669,90314669,,,"2026-03-25 18:36:54","2026-03-28 07:30:30",3,,,,
20260330BELROU,Friendly-Matches,2026-03-30T18:30:00.000Z,Open,,,5,BEL,ROU,Done,3,2,6,5,39136230,39136230,,,"2026-03-27 18:24:15","2026-03-30 19:34:51",3,,,,
20260409BELSWE,Friendly-Matches,2026-04-09T18:30:00.000Z,Open,,,5,BEL,SWE,Done,4,1,8,2,39136230,93748701,,,"2026-03-27 18:25:14","2026-04-09 19:21:14",2,,,,
20260330ITARCP,Friendly-Matches,2026-03-30T19:00:00.000Z,Open,,,5,ITA,RCP,Done,0,5,2,10,93119390,93119390,,,"2026-03-28 16:05:32","2026-03-30 20:22:39",4,,,,
20260407FINSWE,Friendly-Matches,2026-04-07T18:30:00.000Z,Open,,,5,FIN,SWE,Done,2,3,6,8,90314669,93748701,,,"2026-03-28 21:14:39","2026-04-07 19:58:17",3,,,,
20260329CHLARG,Copa-America-2026,2026-03-29T16:00:00.000Z,Open,,,5,CHL,ARG,Done,1,4,3,9,84375106,88813461,,,"2026-03-29 07:51:53","2026-03-30 07:17:12",,,,,
20260329COLMEX,Copa-America-2026,2026-03-29T16:00:00.000Z,Open,,,5,COL,MEX,Done,3,2,6,6,84375106,88813461,,,"2026-03-29 07:52:24","2026-03-30 07:17:12",,,,,
20260329COLARG,Copa-America-2026,2026-03-29T20:00:00.000Z,Open,,,5,COL,ARG,Done,1,4,2,9,88813461,88813461,,,"2026-03-29 17:51:18","2026-03-30 07:18:44",,,,,
20260329CHLMEX,Copa-America-2026,2026-03-29T18:00:00.000Z,Open,,,5,CHL,MEX,Done,3,2,8,4,88813461,88813461,,,"2026-03-29 17:52:08","2026-03-30 07:17:12",,,,,
20260402ESPHKG,Friendly-Matches,2026-04-02T13:00:00.000Z,Open,,,5,ESP,HKG,Done,3,2,8,5,86482486,86482486,,,"2026-03-30 01:07:03","2026-04-02 14:04:50",3,,,,
20260405JPNTWN,Friendly-Matches,2026-04-05T12:00:00.000Z,Open,,,5,JPN,TWN,Done,4,1,9,3,83858076,84375106,,,"2026-03-30 14:35:15","2026-04-06 14:29:02",4,,,,
20260402BELPOL,Friendly-Matches,2026-04-02T18:30:00.000Z,Open,,,5,BEL,POL,Done,4,4,10,11,39136230,39136230,,,"2026-03-31 15:07:27","2026-04-02 19:54:02",4,,,,
20260409ITAHUN,Friendly-Matches,2026-04-09T18:00:00.000Z,Open,,,5,ITA,HUN,Done,4,1,9,2,93119390,93119390,,,"2026-03-31 16:08:33","2026-04-09 19:25:40",2,,,,
20260407ITACAT,Friendly-Matches,2026-04-07T19:00:00.000Z,Open,,,5,ITA,CAT,Done,4,1,9,5,93119390,93119390,,,"2026-03-31 16:52:10","2026-04-07 19:59:40",2,,,,
20260402TUTFRA,Friendly-Matches,2026-04-02T19:00:00.000Z,Open,,,5,TUT,FRA,Done,2,3,6,6,84974742,84974742,,,"2026-04-01 07:24:43","2026-04-02 20:13:04",4,,,,
20260411UKRUKR2,Friendly-Matches,2026-04-11T17:00:00.000Z,Open,,,5,UKR,UKR2,Done,2,7,10,15,84375106,84375106,,,"2026-04-02 07:01:23","2026-04-11 18:27:28",4,,,,
20260409UKRCZE,Friendly-Matches,2026-04-09T18:00:00.000Z,Open,,,5,UKR,CZE,Done,3,2,6,5,84375106,84375106,,,"2026-04-02 07:26:09","2026-04-09 19:18:07",4,,,,
20260410POLUKR,Friendly-Matches,2026-04-10T18:00:00.000Z,Open,,,5,POL,UKR,Done,3,5,7,10,84375106,83832219,,,"2026-04-02 09:39:44","2026-04-10 18:55:20",4,,,,
20260405CHLUKR,Friendly-Matches,2026-04-05T18:00:00.000Z,Open,,,5,CHL,UKR,Done,1,5,4,10,84375106,84375106,,,"2026-04-03 15:39:56","2026-04-05 19:06:41",5,,,,
20260405ARGROU,Friendly-Matches,2026-04-05T18:30:00.000Z,Open,,,5,ARG,ROU,Done,1,3,4,6,84291236,84291236,,,"2026-04-04 22:05:25","2026-04-05 19:23:15",3,,,,
20260407TUTUKR,Friendly-Matches,2026-04-07T18:00:00.000Z,Open,,,5,TUT,UKR,Done,1,6,6,12,84974742,84375106,,,"2026-04-05 19:20:04","2026-04-08 14:49:36",4,,,,
20260412TUTLVA,Friendly-Matches,2026-04-12T17:00:00.000Z,Open,,,5,TUT,LVA,Done,3,3,8,7,84974742,14710161,,,"2026-04-08 20:03:43","2026-04-12 17:54:49",2,,,,
20260409ESPRCP,Friendly-Matches,2026-04-09T18:00:00.000Z,Open,,,5,ESP,RCP,Done,3,4,7,10,86482486,84375106,,,"2026-04-08 20:19:07","2026-04-15 07:40:42",3,,,,
20260411CHNTHA,Friendly-Matches,2026-04-11T14:00:00.000Z,Open,,,5,CHN,THA,Done,2,4,6,8,90943003,94743491,,,"2026-04-09 09:01:06","2026-04-11 15:09:59",4,,,,
20260412ESPURY,Friendly-Matches,2026-04-12T18:00:00.000Z,Open,,,5,ESP,URY,Done,5,2,10,5,86482486,94481545,,,"2026-04-09 17:31:19","2026-04-12 18:58:55",3,,,,
20260411URYCHL,Friendly-Matches,2026-04-11T00:00:00.000Z,Open,,,5,URY,CHL,Done,2,3,5,8,94481545,84375106,,,"2026-04-10 01:25:46","2026-04-15 07:43:26",2,,,,
20260411POLHRV,Friendly-Matches,2026-04-11T14:00:00.000Z,Open,,,5,POL,HRV,Done,3,3,8,8,83832219,88411255,,,"2026-04-10 12:43:29","2026-04-12 17:54:07",3,,,,
20260412GBRCOL,Friendly-Matches,2026-04-12T20:00:00.000Z,Open,,,5,GBR,COL,Done,4,3,10,8,85237858,85237858,,,"2026-04-10 23:13:07","2026-04-12 21:10:51",4,,,,
20260416GRCHUN,WTCOC-2026,2026-04-16T18:00:00Z,Open,,,5,GRC,HUN,Done,4,1,8,4,1,1,,,"2026-04-11 09:22:13","2026-04-27 09:35:32",3,4,1,8,4
20260418CHNHRV,WTCOC-2026,2026-04-18T14:00:00Z,Open,,,5,CHN,HRV,Done,3,2,8,4,1,1,,,"2026-04-11 09:22:13","2026-04-27 09:35:32",4,3,2,8,4
20260419SWEPRT,WTCOC-2026,2026-04-19T19:30:00Z,Open,,,5,SWE,PRT,Done,0,5,2,10,1,1,,,"2026-04-11 09:22:13","2026-04-27 09:35:32",2,0,5,2,10
20260419CZEDEU,WTCOC-2026,2026-04-19T17:00:00Z,Open,,,5,CZE,DEU,Done,2,3,5,6,1,1,,,"2026-04-11 09:22:13","2026-04-27 09:35:32",4,2,3,5,6
20260418THAAUS,WTCOC-2026,2026-04-18T12:00:00Z,Open,,,5,THA,AUS,Done,2,3,5,7,1,1,,,"2026-04-11 09:22:13","2026-04-27 09:35:32",4,2,3,5,7
20260418TWNGTM,WTCOC-2026,2026-04-18T02:00:00Z,Open,,,5,TWN,GTM,Done,4,1,9,3,1,1,,,"2026-04-11 09:22:13","2026-04-27 09:35:32",2,4,1,9,3
20260416CATFRA,WTCOC-2026,2026-04-16T19:00:00Z,Open,,,5,CAT,FRA,Done,1,4,3,9,1,1,,,"2026-04-11 09:22:13","2026-04-27 09:35:32",4,1,4,3,9
20260419POLMYS,WTCOC-2026,2026-04-19T14:00:00Z,Open,,,5,POL,MYS,Done,4,1,8,4,1,1,,,"2026-04-11 09:22:13","2026-04-27 09:35:32",1,4,1,8,4
20260419ITAUSA,WTCOC-2026,2026-04-19T15:30:00Z,Open,,,5,ITA,USA,Done,5,0,10,3,1,1,,,"2026-04-11 09:22:13","2026-04-27 09:35:32",4,5,0,10,3
20260419HKGFIN,WTCOC-2026,2026-04-19T13:00:00Z,Open,,,5,HKG,FIN,Done,2,3,6,7,1,1,,,"2026-04-11 09:22:13","2026-04-27 09:35:32",4,2,3,6,7
20260415RCPBLR,WTCOC-2026,2026-04-15T18:00:00Z,Open,,,5,RCP,BLR,Done,5,0,10,0,1,1,,,"2026-04-11 09:22:13","2026-04-27 09:35:32",4,5,0,10,0
20260413CHLBEL,WTCOC-2026,2026-04-13T19:00:00Z,Open,,,5,CHL,BEL,Done,2,3,6,6,1,1,,,"2026-04-11 09:22:13","2026-04-27 09:35:32",,2,3,6,6
20260419VNMBRA,WTCOC-2026,2026-04-19T14:00:00Z,Open,,,5,VNM,BRA,Done,0,5,1,10,1,1,,,"2026-04-11 09:22:13","2026-04-27 09:35:32",2,0,5,1,10
20260411ECUUKR,WTCOC-2026,,Open,,,5,ECU,UKR,Planned,,,,,1,84375106,84375106,"2026-04-13 19:19:14","2026-04-11 09:22:13","2026-04-13 19:19:14",,,,,
20260419LVAESP,WTCOC-2026,2026-04-19T18:00:00Z,Open,,,5,LVA,ESP,Done,1,4,5,8,1,1,,,"2026-04-11 09:22:13","2026-04-27 09:35:32",4,1,4,5,8
20260422HRVGRC,WTCOC-2026,2026-04-22T19:00:00Z,Open,,,5,HRV,GRC,Done,2,3,7,7,1,1,,,"2026-04-11 09:22:13","2026-04-27 09:35:32",3,2,3,7,7
20260425PERCHN,WTCOC-2026,2026-04-25T13:30:00Z,Open,,,5,PER,CHN,Done,0,5,4,10,1,1,,,"2026-04-11 09:22:13","2026-04-27 20:40:00",3,0,5,4,10
20260426PRTJPN,WTCOC-2026,2026-04-26T13:00:00Z,Open,,,5,PRT,JPN,Done,2,3,5,7,1,1,,,"2026-04-11 09:22:13","2026-04-27 09:35:32",4,2,3,5,7
20260426ARGSWE,WTCOC-2026,2026-04-26T14:00:00Z,Open,,,5,ARG,SWE,Done,4,1,8,2,1,1,,,"2026-04-11 09:22:13","2026-04-27 09:35:32",2,4,1,8,2
20260426AUSCZE,WTCOC-2026,2026-04-26T11:00:00Z,Open,,,5,AUS,CZE,Done,1,4,3,8,1,1,,,"2026-04-11 09:22:13","2026-04-27 09:35:32",3,1,4,3,8
20260425LTUTHA,WTCOC-2026,2026-04-25T15:00:00Z,Open,,,5,LTU,THA,Done,2,3,6,6,1,1,,,"2026-04-11 09:22:13","2026-04-27 09:35:32",4,2,3,6,6
20260425FRATWN,WTCOC-2026,2026-04-25T13:00:00Z,Open,,,5,FRA,TWN,Done,4,1,8,5,1,1,,,"2026-04-11 09:22:13","2026-04-27 09:35:32",5,4,1,8,5
20260422ROUCAT,WTCOC-2026,2026-04-22T19:30:00Z,Open,,,5,ROU,CAT,Done,2,3,6,7,1,1,,,"2026-04-11 09:22:13","2026-04-27 09:35:32",3,2,3,6,7
20260426USAPOL,WTCOC-2026,2026-04-26T18:30:00Z,Open,,,5,USA,POL,Done,2,3,6,7,1,1,,,"2026-04-11 09:22:13","2026-04-27 09:35:32",4,2,3,6,7
20260422NLDITA,WTCOC-2026,2026-04-22T19:00:00Z,Open,,,5,NLD,ITA,Done,3,2,7,7,1,1,,,"2026-04-11 09:22:13","2026-04-27 09:35:32",4,3,2,7,7
20260425BLRHKG,WTCOC-2026,2026-04-25T15:00:00Z,Open,,,5,BLR,HKG,Done,2,3,4,7,1,1,,,"2026-04-11 09:22:13","2026-04-27 09:35:32",4,2,3,4,7
20260425MEXRCP,WTCOC-2026,2026-04-25T16:00:00Z,Open,,,5,MEX,RCP,Done,3,2,8,5,1,1,,,"2026-04-11 09:22:13","2026-04-27 09:35:32",4,3,2,8,5
20260426BRACHL,WTCOC-2026,2026-04-26T14:00:00Z,Open,,,5,BRA,CHL,Done,4,1,8,4,1,1,,,"2026-04-11 09:22:13","2026-04-29 13:48:42",5,4,1,8,4
20260425COLVNM,WTCOC-2026,2026-04-25T14:00:00Z,Open,,,5,COL,VNM,Done,4,1,8,4,1,1,,,"2026-04-11 09:22:13","2026-04-27 09:35:32",2,4,1,8,4
20260426ESPECU,WTCOC-2026,2026-04-26T16:00:00Z,Open,,,5,ESP,ECU,Done,4,1,9,2,1,1,,,"2026-04-11 09:22:13","2026-04-27 09:35:32",0,4,1,9,2
20260426GBRLVA,WTCOC-2026,2026-04-26T18:00:00Z,Open,,,5,GBR,LVA,Done,2,3,6,7,1,1,,,"2026-04-11 09:22:13","2026-04-27 09:35:32",4,2,3,6,7
20260502GRCPER,WTCOC-2026,2026-05-02T14:00:00Z,Open,,,5,GRC,PER,Done,2,3,6,7,1,1,,,"2026-04-11 09:22:13","2026-05-02 21:33:50",3,2,3,6,7
20260502HUNHRV,WTCOC-2026,2026-05-02T19:00:00Z,Open,,,5,HUN,HRV,Done,3,2,7,4,1,1,,,"2026-04-11 09:22:13","2026-05-02 22:03:52",3,3,2,7,4
20260503JPNARG,WTCOC-2026,2026-05-03T13:00:00Z,Open,,,5,JPN,ARG,Done,5,0,10,2,1,84375106,,,"2026-04-11 09:22:13","2026-05-04 09:45:07",4,,,,
20260502URYPRT,WTCOC-2026,2026-05-02T18:00:00Z,Open,,,5,URY,PRT,Done,1,4,4,8,1,1,,,"2026-04-11 09:22:13","2026-05-02 19:33:17",3,1,4,4,8
20260428CZELTU,WTCOC-2026,2026-04-28T17:00:00Z,Open,,,5,CZE,LTU,Done,2,3,4,6,1,1,,,"2026-04-11 09:22:13","2026-04-28 18:15:36",4,2,3,4,6
20260503DEUAUS,WTCOC-2026,2026-05-03T11:00:00Z,Open,,,5,DEU,AUS,Done,3,2,8,5,1,1,,,"2026-04-11 09:22:13","2026-05-03 12:36:04",3,3,2,8,5
20260503TWNROU,WTCOC-2026,2026-05-03T14:00:00Z,Open,,,5,TWN,ROU,Done,2,3,6,8,1,1,,,"2026-04-11 09:22:13","2026-05-03 15:25:53",4,,,,
20260502GTMFRA,WTCOC-2026,2026-05-02T16:00:00Z,Open,,,5,GTM,FRA,Done,1,4,3,9,1,1,,,"2026-04-11 09:22:13","2026-05-02 19:03:16",1,1,4,3,9
20260503POLNLD,WTCOC-2026,2026-05-03T18:00:00Z,Open,,,5,POL,NLD,Done,4,1,8,5,1,1,,,"2026-04-11 09:22:13","2026-05-03 22:37:08",4,4,1,8,5
20260503MYSUSA,WTCOC-2026,2026-05-03T14:00:00Z,Open,,,5,MYS,USA,Done,1,4,2,8,1,1,,,"2026-04-11 09:22:13","2026-05-04 04:07:21",2,1,4,2,8
20260502HKGMEX,WTCOC-2026,2026-05-02T01:00:00Z,Open,,,5,HKG,MEX,Done,4,1,8,4,1,1,,,"2026-04-11 09:22:13","2026-05-03 14:06:05",3,4,1,8,4
20260429FINBLR,WTCOC-2026,2026-04-29T17:00:00Z,Open,,,5,FIN,BLR,Done,2,3,5,7,1,1,,,"2026-04-11 09:22:13","2026-04-29 22:19:34",4,2,3,5,7
20260502CHLCOL,WTCOC-2026,2026-05-02T00:00:00Z,Open,,,5,CHL,COL,Done,2,3,5,8,1,1,,,"2026-04-11 09:22:13","2026-05-02 02:01:05",5,2,3,5,8
20260503BELBRA,WTCOC-2026,2026-05-03T20:00:00Z,Open,,,5,BEL,BRA,Done,2,3,6,6,1,1,,,"2026-04-11 09:22:13","2026-05-03 21:37:05",4,2,3,6,6
20260503ECUGBR,WTCOC-2026,2026-05-03T16:00:00Z,Open,,,5,ECU,GBR,Done,2,3,4,8,1,1,,,"2026-04-11 09:22:13","2026-05-04 09:07:44",1,2,3,4,8
20260503UKRESP,WTCOC-2026,2026-05-03T17:00:00Z,Open,,,5,UKR,ESP,Done,3,2,8,5,1,1,,,"2026-04-11 09:22:13","2026-05-04 09:07:44",4,3,2,8,5
20260420PERHUN,WTCOC-2026,,Open,,,5,PER,HUN,Planned,,,,,1,1,,,"2026-04-11 09:22:13","2026-05-04 01:04:33",,,,,
20260420CHNGRC,WTCOC-2026,,Open,,,5,CHN,GRC,Planned,,,,,1,1,,,"2026-04-11 09:22:13","2026-05-04 01:04:33",,,,,
20260420ARGURY,WTCOC-2026,,Open,,,5,ARG,URY,Planned,,,,,1,1,,,"2026-04-11 09:22:13","2026-05-04 01:04:33",,,,,
20260420SWEJPN,WTCOC-2026,,Open,,,5,SWE,JPN,Planned,,,,,1,1,,,"2026-04-11 09:22:13","2026-05-04 01:04:33",,,,,
20260505LTUDEU,WTCOC-2026,2026-05-05T17:30:00Z,Open,,,5,LTU,DEU,Planned,,,,,1,1,,,"2026-04-11 09:22:13","2026-05-04 01:04:34",,,,,
20260420THACZE,WTCOC-2026,,Open,,,5,THA,CZE,Planned,,,,,1,1,,,"2026-04-11 09:22:13","2026-05-04 01:04:33",,,,,
20260420ROUGTM,WTCOC-2026,,Open,,,5,ROU,GTM,Planned,,,,,1,1,,,"2026-04-11 09:22:13","2026-05-04 01:04:33",,,,,
20260420CATTWN,WTCOC-2026,,Open,,,5,CAT,TWN,Planned,,,,,1,1,,,"2026-04-11 09:22:13","2026-05-04 01:04:33",,,,,
20260420NLDMYS,WTCOC-2026,,Open,,,5,NLD,MYS,Planned,,,,,1,1,,,"2026-04-11 09:22:13","2026-05-04 01:04:33",,,,,
20260420ITAPOL,WTCOC-2026,,Open,,,5,ITA,POL,Planned,,,,,1,1,,,"2026-04-11 09:22:13","2026-05-04 01:04:33",,,,,
20260420MEXFIN,WTCOC-2026,,Open,,,5,MEX,FIN,Planned,,,,,1,1,,,"2026-04-11 09:22:13","2026-05-04 01:04:33",,,,,
20260420RCPHKG,WTCOC-2026,,Open,,,5,RCP,HKG,Planned,,,,,1,1,,,"2026-04-11 09:22:13","2026-05-04 01:04:33",,,,,
20260420COLBEL,WTCOC-2026,,Open,,,5,COL,BEL,Planned,,,,,1,1,,,"2026-04-11 09:22:13","2026-05-04 01:04:33",,,,,
20260420VNMCHL,WTCOC-2026,,Open,,,5,VNM,CHL,Planned,,,,,1,1,,,"2026-04-11 09:22:13","2026-05-04 01:04:33",,,,,
20260420GBRUKR,WTCOC-2026,,Open,,,5,GBR,UKR,Planned,,,,,1,1,,,"2026-04-11 09:22:13","2026-05-04 01:04:33",,,,,
20260420LVAECU,WTCOC-2026,,Open,,,5,LVA,ECU,Planned,,,,,1,1,,,"2026-04-11 09:22:13","2026-05-04 01:04:33",,,,,
20260420HUNCHN,WTCOC-2026,,Open,,,5,HUN,CHN,Planned,,,,,1,1,,,"2026-04-11 09:22:13","2026-05-04 01:04:33",,,,,
20260420HRVPER,WTCOC-2026,,Open,,,5,HRV,PER,Planned,,,,,1,1,,,"2026-04-11 09:22:13","2026-05-04 01:04:33",,,,,
20260420URYSWE,WTCOC-2026,,Open,,,5,URY,SWE,Planned,,,,,1,1,,,"2026-04-11 09:22:13","2026-05-04 01:04:33",,,,,
20260420PRTARG,WTCOC-2026,,Open,,,5,PRT,ARG,Planned,,,,,1,1,,,"2026-04-11 09:22:13","2026-05-04 01:04:33",,,,,
20260420DEUTHA,WTCOC-2026,,Open,,,5,DEU,THA,Planned,,,,,1,1,,,"2026-04-11 09:22:13","2026-05-04 01:04:33",,,,,
20260420AUSLTU,WTCOC-2026,,Open,,,5,AUS,LTU,Planned,,,,,1,1,,,"2026-04-11 09:22:13","2026-05-04 01:04:33",,,,,
20260420GTMCAT,WTCOC-2026,,Open,,,5,GTM,CAT,Planned,,,,,1,1,,,"2026-04-11 09:22:13","2026-05-04 01:04:33",,,,,
20260420FRAROU,WTCOC-2026,,Open,,,5,FRA,ROU,Planned,,,,,1,1,,,"2026-04-11 09:22:13","2026-05-04 01:04:33",,,,,
20260420MYSITA,WTCOC-2026,,Open,,,5,MYS,ITA,Planned,,,,,1,1,,,"2026-04-11 09:22:13","2026-05-04 01:04:33",,,,,
20260420USANLD,WTCOC-2026,,Open,,,5,USA,NLD,Planned,,,,,1,1,,,"2026-04-11 09:22:13","2026-05-04 01:04:33",,,,,
20260420FINRCP,WTCOC-2026,,Open,,,5,FIN,RCP,Planned,,,,,1,1,,,"2026-04-11 09:22:13","2026-05-04 01:04:33",,,,,
20260420BLRMEX,WTCOC-2026,,Open,,,5,BLR,MEX,Planned,,,,,1,1,,,"2026-04-11 09:22:13","2026-05-04 01:04:33",,,,,
20260420BELVNM,WTCOC-2026,,Open,,,5,BEL,VNM,Planned,,,,,1,1,,,"2026-04-11 09:22:13","2026-05-04 01:04:33",,,,,
20260420BRACOL,WTCOC-2026,,Open,,,5,BRA,COL,Planned,,,,,1,1,,,"2026-04-11 09:22:13","2026-05-04 01:04:33",,,,,
20260420UKRLVA,WTCOC-2026,,Open,,,5,UKR,LVA,Planned,,,,,1,1,,,"2026-04-11 09:22:13","2026-05-04 01:04:33",,,,,
20260420ESPGBR,WTCOC-2026,,Open,,,5,ESP,GBR,Planned,,,,,1,1,,,"2026-04-11 09:22:13","2026-05-04 01:04:33",,,,,
20260411UKRCAN,Friendly-Matches,,Open,,,5,UKR,CAN,Planned,,,,,84375106,84375106,84375106,"2026-04-11 10:10:13","2026-04-11 10:10:05","2026-04-11 10:10:13",,,,,
20260419ECUUKR,WTCOC-2026,2026-04-19T14:00:00Z,Open,,,5,ECU,UKR,Done,0,5,0,10,1,1,,,"2026-04-13 13:15:04","2026-04-27 09:35:32",1,0,5,0,10
20260413TST1TST2,Friendly-Matches,2026-04-13T20:00:00.000Z,Open,,,5,TST1,TST2,Planned,,,,,84375106,84375106,84375106,"2026-04-13 16:58:46","2026-04-13 14:05:33","2026-04-13 16:58:46",,,,,
20260416TST1TST2,Friendly-Matches,2026-04-16T19:00:00.000Z,Open,,,5,TST1,TST2,Planned,,,,,84375106,84375106,84375106,"2026-04-13 16:58:55","2026-04-13 14:05:47","2026-04-13 16:58:55",,,,,
20260414LTUROU,Friendly-Matches,2026-04-14T17:30:00.000Z,Open,,,5,LTU,ROU,Done,3,2,7,4,86305903,86305903,,,"2026-04-13 15:57:36","2026-04-15 14:30:39",2,,,,
20260413BELCHL,Friendly-Matches,2026-04-13T19:00:00.000Z,Open,,,5,BEL,CHL,"In progress",0,0,2,4,39136230,84375106,84375106,"2026-04-13 19:39:07","2026-04-13 18:35:20","2026-04-13 19:39:07",4,,,,
20260419JPNURY,WTCOC-2026,2026-04-19T01:00:00Z,Open,,,5,JPN,URY,Done,3,2,7,5,1,1,,,"2026-04-13 19:49:13","2026-04-27 09:35:32",3,3,2,7,5
20251016ITAUKR,Friendly-Matches,2025-10-16T18:00:00Z,Open,,,7,ITA,UKR,Planned,,,,,1,1,,,"2026-04-15 08:23:32","2026-05-04 09:52:43",,,,,
20251009UKRHRV,Friendly-Matches,2025-10-09T18:00:00Z,Open,,,7,UKR,HRV,Planned,,,,,1,1,,,"2026-04-15 08:23:32","2026-05-04 09:52:43",,,,,
20251012PRTUKR,Friendly-Matches,2025-10-12T17:00:00Z,Open,,,6,PRT,UKR,Planned,,,,,1,1,,,"2026-04-15 08:23:32","2026-05-04 09:52:43",,,,,
20251015UKRLVA,Friendly-Matches,2025-10-15T18:00:00Z,Open,,,7,UKR,LVA,Planned,,,,,1,1,,,"2026-04-15 08:23:32","2026-05-04 09:52:43",,,,,
20251025CHNTHA,Friendly-Matches,2025-10-25T14:00:00Z,Open,,,3,CHN,THA,Planned,,,,,1,1,,,"2026-04-15 08:23:32","2026-05-04 09:52:43",,,,,
20260221COLUKR,Friendly-Matches,2026-02-21T19:00:00Z,Open,,,6,COL,UKR,Planned,,,,,1,1,,,"2026-04-15 08:23:32","2026-05-04 09:52:43",,,,,
20260214COLCHL,Friendly-Matches,2026-02-14T15:00:00Z,Open,,,5,COL,CHL,Planned,,,,,1,1,,,"2026-04-15 08:23:32","2026-05-04 09:52:43",,,,,
20260222COLARG,Friendly-Matches,2026-02-22T01:00:00Z,Open,,,6,COL,ARG,Planned,,,,,1,1,,,"2026-04-15 08:23:32","2026-05-04 09:52:43",,,,,
20260228COLBRA,Friendly-Matches,2026-02-28T14:30:00Z,Open,,,7,COL,BRA,Planned,,,,,1,1,,,"2026-04-15 08:23:32","2026-05-04 09:52:43",,,,,
20260301COLJPN,Friendly-Matches,2026-03-01T13:30:00Z,Open,,,5,COL,JPN,Planned,,,,,1,1,,,"2026-04-15 08:23:32","2026-05-04 09:52:43",,,,,
20260312COLURY,Friendly-Matches,2026-03-12T01:00:00Z,Open,,,8,COL,URY,Planned,,,,,1,1,,,"2026-04-15 08:23:32","2026-05-04 09:52:43",,,,,
20260312BELHRV,Friendly-Matches,2026-03-12T19:30:00Z,Open,,,5,BEL,HRV,Planned,,,,,1,1,,,"2026-04-15 08:23:32","2026-05-04 09:52:43",,,,,
20250223FINTUT,Friendly-Matches,2025-02-23T19:00:00Z,Open,,,5,FIN,TUT,Planned,,,,,1,1,,,"2026-04-15 08:23:32","2026-05-04 09:52:43",,,,,
20250217ITACHL,Friendly-Matches,2025-02-17T22:00:00Z,Open,,,8,ITA,CHL,Planned,,,,,1,1,,,"2026-04-15 08:23:32","2026-05-04 09:52:43",,,,,
20250215ITAHKG,Friendly-Matches,2025-02-15T13:00:00Z,Open,,,5,ITA,HKG,Planned,,,,,1,1,,,"2026-04-15 08:23:32","2026-05-04 09:52:43",,,,,
20250213HKGTWN,Friendly-Matches,2025-02-13T14:00:00Z,Open,,,5,HKG,TWN,Planned,,,,,1,1,,,"2026-04-15 08:23:32","2026-05-04 09:52:43",,,,,
20250211BELHRV,Friendly-Matches,2025-02-11T19:00:00Z,Open,,,10,BEL,HRV,Planned,,,,,1,1,,,"2026-04-15 08:23:32","2026-05-04 09:52:43",,,,,
20250315TUTHKG,Friendly-Matches,2025-03-15T15:00:00Z,Open,,,5,TUT,HKG,Planned,,,,,1,1,,,"2026-04-15 08:23:32","2026-05-04 09:52:43",,,,,
20250312HRVUKR,Friendly-Matches,2025-03-12T20:00:00Z,Open,,,6,HRV,UKR,Planned,,,,,1,1,,,"2026-04-15 08:23:32","2026-05-04 09:52:43",,,,,
20250312BELITA,Friendly-Matches,2025-03-12T20:00:00Z,Open,,,8,BEL,ITA,Planned,,,,,1,1,,,"2026-04-15 08:23:32","2026-05-04 09:52:43",,,,,
20250309FINHUN,Friendly-Matches,2025-03-09T19:00:00Z,Open,,,5,FIN,HUN,Planned,,,,,1,1,,,"2026-04-15 08:23:32","2026-05-04 09:52:43",,,,,
20250309UKRCHL,Friendly-Matches,2025-03-09T18:00:00Z,Open,,,8,UKR,CHL,Planned,,,,,1,1,,,"2026-04-15 08:23:32","2026-05-04 09:52:43",,,,,
20250308LVACHN,Friendly-Matches,2025-03-08T13:30:00Z,Open,,,7,LVA,CHN,Planned,,,,,1,1,,,"2026-04-15 08:23:32","2026-05-04 09:52:43",,,,,
20250308TWNITA,Friendly-Matches,2025-03-08T13:00:00Z,Open,,,5,TWN,ITA,Planned,,,,,1,1,,,"2026-04-15 08:23:32","2026-05-04 09:52:43",,,,,
20250303TUTHRV,Friendly-Matches,2025-03-03T19:00:00Z,Open,,,7,TUT,HRV,Planned,,,,,1,1,,,"2026-04-15 08:23:32","2026-05-04 09:52:43",,,,,
20250301USAHKG,Friendly-Matches,2025-03-01T14:00:00Z,Open,,,5,USA,HKG,Planned,,,,,1,1,,,"2026-04-15 08:23:32","2026-05-04 09:52:43",,,,,
20250227TUTITA,Friendly-Matches,2025-02-27T19:00:00Z,Open,,,5,TUT,ITA,Planned,,,,,1,1,,,"2026-04-15 08:23:32","2026-05-04 09:52:43",,,,,
20250226ARGPRT,Friendly-Matches,2025-02-26T18:30:00Z,Open,,,7,ARG,PRT,Planned,,,,,1,1,,,"2026-04-15 08:23:32","2026-05-04 09:52:43",,,,,
20250323BELHKG,Friendly-Matches,2025-03-23T15:00:00Z,Open,,,5,BEL,HKG,Planned,,,,,1,1,,,"2026-04-15 08:23:32","2026-05-04 09:52:43",,,,,
20250322THAJPN,Friendly-Matches,2025-03-22T13:00:00Z,Open,,,5,THA,JPN,Planned,,,,,1,1,,,"2026-04-15 08:23:32","2026-05-04 09:52:43",,,,,
20250322BRALVA,Friendly-Matches,2025-03-22T17:00:00Z,Open,,,6,BRA,LVA,Planned,,,,,1,1,,,"2026-04-15 08:23:32","2026-05-04 09:52:43",,,,,
20250321CHLARG,Friendly-Matches,2025-03-21T23:00:00Z,Open,,,6,CHL,ARG,Planned,,,,,1,1,,,"2026-04-15 08:23:32","2026-05-04 09:52:43",,,,,
20250320UKRHUN,Friendly-Matches,2025-03-20T19:00:00Z,Open,,,6,UKR,HUN,Planned,,,,,1,1,,,"2026-04-15 08:23:32","2026-05-04 09:52:43",,,,,
20250318TUTUKR,Friendly-Matches,2025-03-18T18:00:00Z,Open,,,9,TUT,UKR,Planned,,,,,1,1,,,"2026-04-15 08:23:32","2026-05-04 09:52:43",,,,,
20250317BELNLD,Friendly-Matches,2025-03-17T20:00:00Z,Open,,,5,BEL,NLD,Planned,,,,,1,1,,,"2026-04-15 08:23:32","2026-05-04 09:52:43",,,,,
20250317UKRFRA,Friendly-Matches,2025-03-17T20:00:00Z,Open,,,8,UKR,FRA,Planned,,,,,1,1,,,"2026-04-15 08:23:32","2026-05-04 09:52:43",,,,,
20250316HRVCOL,Friendly-Matches,2025-03-16T18:00:00Z,Open,,,9,HRV,COL,Planned,,,,,1,1,,,"2026-04-15 08:23:32","2026-05-04 09:52:43",,,,,
20250726URYAUS,Friendly-Matches,2025-07-26T23:00:00Z,Open,,,7,URY,AUS,Planned,,,,,1,1,,,"2026-04-15 08:23:32","2026-05-04 09:52:43",,,,,
20250419BELAUS,Friendly-Matches,2025-04-19T11:00:00Z,Open,,,8,BEL,AUS,Planned,,,,,1,1,,,"2026-04-15 08:23:32","2026-05-04 09:52:43",,,,,
20250417UKRUKR2,Friendly-Matches,2025-04-17T18:00:00Z,Open,,,7,UKR,UKR2,Planned,,,,,1,1,,,"2026-04-15 08:23:32","2026-05-04 09:52:43",,,,,
20250415ESPUKR,Friendly-Matches,2025-04-15T18:30:00Z,Open,,,5,ESP,UKR,Planned,,,,,1,1,,,"2026-04-15 08:23:32","2026-05-04 09:52:43",,,,,
20250413HUNGBR,Friendly-Matches,2025-04-13T19:00:00Z,Open,,,7,HUN,GBR,Planned,,,,,1,1,,,"2026-04-15 08:23:32","2026-05-04 09:52:43",,,,,
20250413JPNFIN,Friendly-Matches,2025-04-13T13:00:00Z,Open,,,5,JPN,FIN,Planned,,,,,1,1,,,"2026-04-15 08:23:32","2026-05-04 09:52:43",,,,,
20250413LTUHRV,Friendly-Matches,2025-04-13T13:00:00Z,Open,,,5,LTU,HRV,Planned,,,,,1,1,,,"2026-04-15 08:23:32","2026-05-04 09:52:43",,,,,
20250412MEXUKR,Friendly-Matches,2025-04-12T18:00:00Z,Open,,,7,MEX,UKR,Planned,,,,,1,1,,,"2026-04-15 08:23:32","2026-05-04 09:52:43",,,,,
20250410BRAESP,Friendly-Matches,2025-04-10T20:00:00Z,Open,,,5,BRA,ESP,Planned,,,,,1,1,,,"2026-04-15 08:23:32","2026-05-04 09:52:43",,,,,
20250410GBRBEL,Friendly-Matches,2025-04-10T19:00:00Z,Open,,,7,GBR,BEL,Planned,,,,,1,1,,,"2026-04-15 08:23:32","2026-05-04 09:52:43",,,,,
20250406CHNTHA,Friendly-Matches,2025-04-06T13:00:00Z,Open,,,5,CHN,THA,Planned,,,,,1,1,,,"2026-04-15 08:23:32","2026-05-04 09:52:43",,,,,
20250406LTUUKR,Friendly-Matches,2025-04-06T13:00:00Z,Open,,,6,LTU,UKR,Planned,,,,,1,1,,,"2026-04-15 08:23:32","2026-05-04 09:52:43",,,,,
20250402UKRBEL,Friendly-Matches,2025-04-02T18:30:00Z,Open,,,11,UKR,BEL,Planned,,,,,1,1,,,"2026-04-15 08:23:32","2026-05-04 09:52:43",,,,,
20250401ITAUKR,Friendly-Matches,2025-04-01T19:00:00Z,Open,,,5,ITA,UKR,Planned,,,,,1,1,,,"2026-04-15 08:23:32","2026-05-04 09:52:43",,,,,
20250329JPNTWN,Friendly-Matches,2025-03-29T13:00:00Z,Open,,,5,JPN,TWN,Planned,,,,,1,1,,,"2026-04-15 08:23:32","2026-05-04 09:52:43",,,,,
20250328FINHRV,Friendly-Matches,2025-03-28T19:00:00Z,Open,,,5,FIN,HRV,Planned,,,,,1,1,,,"2026-04-15 08:23:32","2026-05-04 09:52:43",,,,,
20250326ESPPRT,Friendly-Matches,2025-03-26T20:30:00Z,Open,,,5,ESP,PRT,Planned,,,,,1,1,,,"2026-04-15 08:23:32","2026-05-04 09:52:43",,,,,
20250325BELFIN,Friendly-Matches,2025-03-25T19:00:00Z,Open,,,5,BEL,FIN,Planned,,,,,1,1,,,"2026-04-15 08:23:32","2026-05-04 09:52:43",,,,,
20240630LTUGTM,Friendly-Matches,2024-06-30T18:30:00Z,Open,,,5,LTU,GTM,Planned,,,,,1,1,,,"2026-04-15 08:23:32","2026-05-04 09:52:43",,,,,
20240602USALTU,Friendly-Matches,2024-06-02T18:30:00Z,Open,,,6,USA,LTU,Planned,,,,,1,1,,,"2026-04-15 08:23:32","2026-05-04 09:52:43",,,,,
20240414FINESP,Friendly-Matches,2024-04-14T18:00:00Z,Open,,,5,FIN,ESP,Planned,,,,,1,1,,,"2026-04-15 08:23:32","2026-05-04 09:52:43",,,,,
20240413CHNHRV,Friendly-Matches,2024-04-13T15:00:00Z,Open,,,5,CHN,HRV,Planned,,,,,1,1,,,"2026-04-15 08:23:32","2026-05-04 09:52:43",,,,,
20240411ROUPOL,Friendly-Matches,2024-04-11T19:00:00Z,Open,,,6,ROU,POL,Planned,,,,,1,1,,,"2026-04-15 08:23:32","2026-05-04 09:52:43",,,,,
20240411LVABEL,Friendly-Matches,2024-04-11T18:00:00Z,Open,,,6,LVA,BEL,Planned,,,,,1,1,,,"2026-04-15 08:23:32","2026-05-04 09:52:43",,,,,
20240410ROUGBR,Friendly-Matches,2024-04-10T19:00:00Z,Open,,,5,ROU,GBR,Planned,,,,,1,1,,,"2026-04-15 08:23:32","2026-05-04 09:52:43",,,,,
20240410TUTFIN,Friendly-Matches,2024-04-10T17:30:00Z,Open,,,4,TUT,FIN,Planned,,,,,1,1,,,"2026-04-15 08:23:32","2026-05-04 09:52:43",,,,,
20240410UKRITA,Friendly-Matches,2024-04-10T18:30:00Z,Open,,,5,UKR,ITA,Planned,,,,,1,1,,,"2026-04-15 08:23:32","2026-05-04 09:52:43",,,,,
20240409FRAESP,Friendly-Matches,2024-04-09T19:30:00Z,Open,,,4,FRA,ESP,Planned,,,,,1,1,,,"2026-04-15 08:23:32","2026-05-04 09:52:43",,,,,
20240409POLUKR,Friendly-Matches,2024-04-09T18:30:00Z,Open,,,7,POL,UKR,Planned,,,,,1,1,,,"2026-04-15 08:23:32","2026-05-04 09:52:43",,,,,
20240408ESPRCP,Friendly-Matches,2024-04-08T20:00:00Z,Open,,,6,ESP,RCP,Planned,,,,,1,1,,,"2026-04-15 08:23:32","2026-05-04 09:52:43",,,,,
20240407ESPTWN,Friendly-Matches,2024-04-07T08:00:00Z,Open,,,5,ESP,TWN,Planned,,,,,1,1,,,"2026-04-15 08:23:32","2026-05-04 09:52:43",,,,,
20240406CHNBEL,Friendly-Matches,2024-04-06T12:00:00Z,Open,,,7,CHN,BEL,Planned,,,,,1,1,,,"2026-04-15 08:23:32","2026-05-04 09:52:43",,,,,
20240405CHLARG,Friendly-Matches,2024-04-05T00:00:00Z,Open,,,10,CHL,ARG,Planned,,,,,1,1,,,"2026-04-15 08:23:32","2026-05-04 09:52:43",,,,,
20240404ESPROU,Friendly-Matches,2024-04-04T19:00:00Z,Open,,,5,ESP,ROU,Planned,,,,,1,1,,,"2026-04-15 08:23:32","2026-05-04 09:52:43",,,,,
20240404FINLVA,Friendly-Matches,2024-04-04T18:00:00Z,Open,,,5,FIN,LVA,Planned,,,,,1,1,,,"2026-04-15 08:23:32","2026-05-04 09:52:43",,,,,
20240403UKRESP,Friendly-Matches,2024-04-03T19:00:00Z,Open,,,5,UKR,ESP,Planned,,,,,1,1,,,"2026-04-15 08:23:32","2026-05-04 09:52:43",,,,,
20240402ARGHRV,Friendly-Matches,2024-04-02T21:00:00Z,Open,,,9,ARG,HRV,Planned,,,,,1,1,,,"2026-04-15 08:23:32","2026-05-04 09:52:43",,,,,
20240402ESPCAT,Friendly-Matches,2024-04-02T19:30:00Z,Open,,,5,ESP,CAT,Planned,,,,,1,1,,,"2026-04-15 08:23:32","2026-05-04 09:52:43",,,,,
20240402LVAUKR,Friendly-Matches,2024-04-02T18:00:00Z,Open,,,6,LVA,UKR,Planned,,,,,1,1,,,"2026-04-15 08:23:32","2026-05-04 09:52:43",,,,,
20240331RCPBRA,Friendly-Matches,2024-03-31T17:00:00Z,Open,,,10,RCP,BRA,Planned,,,,,1,1,,,"2026-04-15 08:23:32","2026-05-04 09:52:43",,,,,
20240330FINHRV,Friendly-Matches,2024-03-30T16:00:00Z,Open,,,6,FIN,HRV,Planned,,,,,1,1,,,"2026-04-15 08:23:32","2026-05-04 09:52:43",,,,,
20240330ARGCOL,Friendly-Matches,2024-03-30T14:00:00Z,Open,,,6,ARG,COL,Planned,,,,,1,1,,,"2026-04-15 08:23:32","2026-05-04 09:52:43",,,,,
20240330HKGBEL,Friendly-Matches,2024-03-30T14:00:00Z,Open,,,5,HKG,BEL,Planned,,,,,1,1,,,"2026-04-15 08:23:32","2026-05-04 09:52:43",,,,,
20240328BELUKR,Friendly-Matches,2024-03-28T19:30:00Z,Open,,,8,BEL,UKR,Planned,2,3,4,8,1,1,,,"2026-04-15 08:23:32","2026-05-04 09:54:13",,,,,
20240327UKRHUN,Friendly-Matches,2024-03-27T19:30:00Z,Open,,,5,UKR,HUN,Error,2,2,6,5,1,1,,,"2026-04-15 08:23:32","2026-05-04 09:54:13",,,,,
20240324TUTPRT,Friendly-Matches,2024-03-24T18:00:00Z,Open,,,4,TUT,PRT,Error,3,1,7,4,1,1,,,"2026-04-15 08:23:32","2026-05-04 09:54:12",,,,,
20240324FINHUN,Friendly-Matches,2024-03-24T18:00:00Z,Open,,,5,FIN,HUN,Done,2,3,4,6,1,1,,,"2026-04-15 08:23:32","2026-05-04 09:54:12",,,,,
20240321HRVESP,Friendly-Matches,2024-03-21T20:30:00.000Z,Open,,,5,HRV,ESP,Done,3,3,6,8,84375106,84375106,,,"2026-04-15 14:00:42","2026-04-15 14:01:22",3,,,,
20240320ESPBEL,Friendly-Matches,2024-03-20T20:30:00.000Z,Open,,,5,ESP,BEL,Done,3,3,8,9,84375106,84375106,,,"2026-04-15 14:03:13","2026-04-15 14:04:15",3,,,,
20240314BELHRV,Friendly-Matches,2024-03-14T20:30:00.000Z,Open,,,5,BEL,HRV,Done,5,1,11,4,84375106,84375106,,,"2026-04-15 14:08:43","2026-04-15 14:09:28",3,,,,
20260418ARGTST1,Friendly-Matches,2026-04-18T15:00:00.000Z,Open,,,5,ARG,TST1,Planned,,,,,84291236,84291236,84291236,"2026-04-18 02:06:37","2026-04-18 02:06:26","2026-04-18 02:06:37",,,,,
20260425URYMYS,Friendly-Matches,2026-04-25T03:00:00.000Z,Open,,,5,URY,MYS,Done,3,2,8,6,94481545,94481545,,,"2026-04-21 02:54:35","2026-04-25 04:12:37",2,,,,
20260426URYHUN,Friendly-Matches,2026-04-26T17:00:00.000Z,Open,,,5,URY,HUN,Done,1,4,3,9,94481545,94481545,,,"2026-04-21 18:58:48","2026-04-26 18:22:48",3,,,,
20260423TST1TST2,Friendly-Matches,2026-04-23T19:02:00.000Z,Open,,,5,TST1,TST2,Planned,,,,,84375106,84375106,84375106,"2026-04-22 16:02:38","2026-04-22 16:02:11","2026-04-22 16:02:38",,,,,
20230406UKRROU,Friendly-Matches,2023-04-06T19:00:00.000Z,Open,,,5,UKR,ROU,Done,4,4,10,9,84375106,84375106,,,"2026-04-24 05:57:54","2026-04-24 06:01:07",4,,,,
20230404UKRPRT,Friendly-Matches,2023-04-04T18:00:00.000Z,Open,,,5,UKR,PRT,Done,2,3,5,6,84375106,84375106,,,"2026-04-24 06:18:08","2026-04-24 06:51:00",,,,,
20230331LVAUKR,Friendly-Matches,2023-03-31T18:30:00.000Z,Open,,,5,LVA,UKR,Done,0,5,2,10,84375106,84375106,,,"2026-04-24 06:44:10","2026-04-24 07:07:18",,,,,
20230330BELUKR,Friendly-Matches,2023-03-30T19:00:00.000Z,Open,,,5,BEL,UKR,Error,0,5,6,11,84375106,84375106,,,"2026-04-24 10:26:30","2026-04-24 10:27:21",4,,,,
20260311UKRCAN,Friendly-Matches,2026-03-11T19:00:00.000Z,Open,,,5,UKR,CAN,Error,0,0,0,0,84375106,84375106,,,"2026-04-24 10:42:30","2026-04-24 10:43:54",4,,,,
